zipcode, month, monthly response-time average
10462,1,44.533121337051675
11211,1,47.04179111236023
10304,1,57.37226682083457
10022,1,44.61121665996511
11228,1,28.790231594675326
10468,1,49.95189492719906
11207,1,39.32601987540261
11417,1,28.728964269561274
11377,1,25.058795473091934
11416,1,26.702050176219604
11434,1,40.37750258531541
10039,1,51.968962705551
11375,1,29.684167192097554
11218,1,38.01672952259784
11368,1,25.425349627356407
11106,1,32.1301082268586
11223,1,31.771137775578623
11694,1,36.308783643892326
10473,1,41.64801738934051
10454,1,55.231620327223744
11221,1,44.72843233739264
11229,1,23.697278859025914
11235,1,27.962170019814067
10302,1,44.126428666136334
11206,1,47.201519091951674
11204,1,36.68184497816598
11373,1,31.969808546204842
11209,1,35.50893402302348
10004,1,16.408674164962502
11230,1,32.0274751396268
10467,1,45.99861319480367
10034,1,47.267168018097415
10075,1,43.541438840156
10308,1,46.01128080808088
11420,1,32.0814716312057
10003,1,16.98326642885097
10461,1,35.97741827574531
11217,1,32.53297632058295
10027,1,53.43653336312194
11220,1,49.37757788622694
11237,1,40.704639794485175
11212,1,47.05065411709
10309,1,24.66280238571904
10458,1,59.38036200495046
11369,8,229.82742539540394
11374,1,32.62623322332237
10031,1,50.85538188924222
10314,1,27.62414952973064
11379,1,24.888179997972433
11378,1,18.35663310717146
10033,1,43.53044616239707
11222,1,33.107645042194065
10002,1,35.98320175438596
10452,1,56.60313457330421
11385,1,26.46580483315526
10001,1,36.97402180926568
11201,1,18.56501247278038
11356,1,20.25534958427817
10305,1,33.18983739837395
11205,1,27.734558892815016
11354,1,32.48801186680833
10128,1,40.670580888888864
11234,1,27.219469083490264
10455,1,47.78934392172634
11226,1,46.06897679241297
11355,1,32.62325606276757
11370,1,30.488682626896917
11419,1,27.61620061213131
11362,1,33.35929265873015
10312,1,43.954575534315644
11361,1,38.09964751303644
10025,1,51.48585897649137
10307,1,24.19772222222221
11249,1,34.746951030528415
11232,1,43.04042875744046
10471,1,39.498058341292555
10451,1,55.15374521072785
11203,1,47.531422598379564
11233,1,54.48165512575622
11357,1,45.87123900879294
11369,1,26.73736361361356
10032,1,52.69356892000186
10306,1,39.722805485409644
11109,1,26.046659356725147
11208,1,48.078488479069954
11365,1,23.324337210711256
11372,1,30.525737326388956
11225,1,57.02530679202771
11430,8,1343.4126873385017
10470,1,30.869295797554006
11214,1,31.890278218694903
11423,1,39.9068629326047
10014,1,42.48594891871737
10009,1,39.94118776916452
11215,1,32.61248610522345
10030,1,40.45080195023537
11239,1,5.512962906296752
11101,1,26.33242509076037
10029,1,57.6892221409412
11433,1,31.684093378433747
10456,1,50.0373843742895
11105,1,39.58429012345675
10457,1,51.8537984831444
11103,1,31.556007728595823
10023,1,179.50916646405668
10464,1,60.48935404339247
11104,1,43.84020068956544
10024,1,44.59889296529231
10453,1,56.87851698806235
10466,1,39.101775916323206
11418,1,23.07471172306215
10465,1,33.928702380952394
11236,1,41.74558912102382
11435,1,31.70203949737159
10028,1,47.6178303162713
10012,1,39.04784467380228
10021,1,44.23716996137244
11366,1,8.928825346394841
10301,1,58.82655260623574
11412,1,51.57213604549435
10010,1,47.1000349481803
10040,1,47.26486492873766
10013,1,43.14219864540463
11436,1,32.82623034287189
11414,1,115.83136080284963
10472,1,51.919644373672966
11367,1,44.5992005701957
10016,1,41.492521541950126
10463,1,37.37129470722294
11415,1,47.125463572124765
11102,1,27.51382792022788
10019,1,28.608619786646187
10026,1,50.1571628221114
11224,1,39.23436415525112
11231,1,36.118801716031975
10017,1,38.56370628122771
11216,1,48.091663377019884
11238,1,48.43339193962754
10005,1,27.586631054131065
10036,1,45.031352437417766
11428,1,30.107930691277595
11691,1,39.24342957130356
10011,1,36.3977902362495
10458,4,190.12677426183595
10035,1,48.17434970408548
10469,1,40.406293238073005
11413,1,38.24719967532471
10038,1,27.685036286286245
11692,1,39.587119614512446
10460,1,53.147226893939525
11435,2,75.84809791666684
10018,1,33.50005166398284
11432,1,36.77636347642502
11219,1,35.71548934108527
11213,1,56.20799846061937
10037,1,72.85626997555933
11421,1,19.340145803698455
10459,1,67.59080941973902
10065,1,26.005828460038995
10007,1,13.168427895981091
11429,1,34.62456678180771
10475,1,50.843481329690384
11004,1,54.96487654320989
10303,1,44.203691902687005
10024,2,87.50334699940584
10460,3,131.40422113040808
10310,1,27.24412344104306
11415,2,80.92597098214283
10474,1,61.1139121756487
11363,1,71.6753077342048
11430,1,121.89686743674376
10019,4,145.98779565941555
10314,3,66.42580544473996
10036,6,431.7529045893708
11411,1,23.260674369059313
10454,3,138.2035198067634
11422,1,49.39694984401241
11207,3,124.20392401523857
11210,2,83.49148946716222
10028,4,154.60734028597673
11426,1,39.89471166032956
11358,1,39.16791143317228
11427,1,41.53410425844344
10006,1,35.09120673952639
11238,4,135.2077162962959
10036,2,61.81700937950922
11207,5,239.8544946525702
11213,3,164.58497766481833
11421,2,33.26839326978636
10029,4,164.6109463089368
10016,2,78.98345351925624
11213,4,183.4921192365827
11232,2,77.04274868942598
11201,2,38.44061563533761
10457,2,129.12711044042027
11225,2,95.69366774193537
11215,3,129.63739682169387
11101,6,133.0000885525851
10453,3,139.407190701339
11430,6,1187.9575376647833
10028,6,362.17667119855025
11218,2,59.59908384076475
11369,2,51.693662458992996
11223,7,121.3504620976117
10003,5,231.60163459420724
11210,1,37.8809822204833
10280,1,218.1949316939892
10459,7,264.4278126100297
11372,2,62.60340788917085
10453,7,172.27098333018114
10039,5,268.08219651139325
11103,10,160.26059616888244
11226,2,121.84492738181568
10014,6,248.29512382864743
11103,2,51.97769217687086
11212,2,126.09595132620073
11360,1,27.58841972878387
11368,7,72.94901219153965
11235,2,49.147554466231064
11364,1,44.812066115702464
11211,2,97.60991625816973
10462,2,105.10628726871838
11355,2,73.87332651948749
10302,5,155.8640144869751
10033,4,202.57805781966334
10308,6,92.9923449746428
10001,2,61.458914325355586
11106,4,95.8546345801245
10019,3,83.90214306732554
10014,4,144.41724879777294
11369,4,144.29492095754338
10458,2,123.62824670739319
10033,6,262.8100770012488
10452,6,248.8080585619599
11430,5,1056.0318114657214
10120,1,17.694444444444446
10075,5,424.5606238615666
11203,2,93.2829853147297
11001,1,52.12159003831417
11204,6,135.0088987093153
11220,4,125.48588377349492
11238,2,83.01507429645814
10010,6,362.243380658436
11106,3,75.09000555864347
11355,4,87.55642857142841
11372,6,204.46099997279381
11361,3,87.27540284863954
10022,5,190.3443101469241
10034,3,93.90191473559152
11220,2,67.76936768425388
11747,1,22.549444444444443
10011,6,306.65169319681155
10025,2,77.76971462774185
10027,2,97.16958223971993
10032,3,128.93940278957825
11234,6,139.51727849462353
11691,3,99.88910151667494
11105,3,69.16648047504026
11104,6,220.30354812061063
10456,5,197.14905736698174
11366,2,15.426508029008032
11222,4,92.40734820177477
11207,2,101.86052671937115
11355,3,85.2900300475574
10019,10,300.4437708982354
10027,4,180.59748198668294
10027,3,136.33521209774582
11230,2,77.10034671717173
10456,4,145.02610976553328
10023,6,608.6667194534085
10013,3,99.67236197377476
10021,3,145.58833886124927
11214,6,152.8590407986109
11105,2,51.196469178969146
11249,3,118.51197784200372
11249,8,146.56910466705736
10465,2,65.99770811003926
10031,4,163.82068683177673
11102,3,88.16543549043553
11375,2,45.65588966707268
11102,4,69.95529723681658
11420,9,178.64733045100016
11226,10,119.15971461437371
11203,9,194.44849042863072
10456,2,127.14651967592633
10462,4,169.03128889794786
10312,5,121.12569096900437
10025,6,302.9302415053075
11379,6,144.44502396322392
11220,11,340.4058667138488
11232,3,120.765644055658
10025,4,197.30180932451302
10314,6,107.62289810786545
10278,1,0.4182921810699587
10452,3,122.2155212285458
10179,1,21.087777777777777
10107,1,0.8569444444444445
10003,6,418.31108275364966
11233,3,130.57641655080536
11204,2,75.64224967365418
11361,9,183.76096888607927
11209,2,75.25282666784132
11231,7,99.27772424378564
10023,2,79.76218337218337
11233,10,182.09227641951645
11236,6,163.74700141737537
10459,4,168.31762905092629
11366,5,24.779085220500612
11428,4,142.77260530137994
11433,7,107.5447667037347
10282,1,33.74349137931034
11233,6,294.08164363452215
11417,3,66.33068216410673
11433,5,132.07912263848857
11101,3,54.06741138736725
10027,6,261.3747383270369
10001,3,83.4007972459638
10017,5,222.59979989035105
11204,10,204.69461215932876
11249,6,170.60894095860561
10034,5,188.07009960462224
11221,2,87.9141425179432
10463,2,98.4948942523887
10451,2,128.43589701225397
11216,3,161.49967389364662
11216,4,188.75134302205723
11236,3,89.33557374839977
10025,10,165.9580538765053
11430,4,980.4607940663176
10022,4,229.05398522603468
11238,3,119.38925361725356
11429,10,331.7366427203063
10000,3,320.1775295508275
10031,2,85.14323207320726
11423,3,92.70473862942619
10472,2,105.37529989334332
10065,6,303.00734643179743
10466,2,78.92399836970151
11218,11,192.2637557006635
10075,6,521.0883463832959
10022,6,457.99989808429194
11233,2,118.04013421224562
10032,2,91.19587519368258
11385,2,43.21198189762786
10031,6,221.24021448888823
11229,2,43.39929154622453
10012,4,138.2051940606412
11204,4,125.05243320534339
11205,2,62.36201541127967
10026,3,123.02761118215382
10021,6,470.348207293196
10458,3,148.5363097013588
10467,4,168.35876644784238
10469,2,88.92722464646455
10024,3,129.02898113008663
10458,5,207.24687134502946
10128,3,113.8336027034018
10013,2,82.05656718164805
11230,3,81.07656871286254
10461,4,100.4040817677062
11367,6,148.39776998378886
10019,2,51.380806497476364
11369,9,290.5732048913528
11231,6,128.10937957804657
10040,5,198.83654547774012
10014,5,135.4962220101781
11217,8,235.64012674650738
11201,4,75.97910534426339
11209,6,186.99502969348643
10033,2,95.10947655020479
11385,9,122.5566722827031
10028,3,141.1300400534045
10017,2,63.55195987654325
11225,4,171.9342233370486
11693,1,30.39932615124629
10027,5,217.91206969519052
11375,6,209.71651065224523
10020,1,50.33090277777779
11229,4,108.45965946706369
11103,4,91.72313656535192
10065,3,128.01875865051923
10005,3,91.59315040650414
10037,7,297.7387551304607
10016,3,260.1449663654618
11221,6,249.82611111110987
11237,2,59.55730057434565
10017,4,166.61939238845142
11427,10,322.13059101654846
10312,3,72.6785826925221
11105,10,172.90000705828794
11218,10,203.0111866247006
11203,5,196.6998827772766
10455,3,128.93666784440435
10036,5,197.56489091318034
11101,2,39.566655852616194
10044,1,39.24391493055556
10026,2,65.77027797805005
11430,3,286.6853647342995
11225,3,141.97320070848446
10031,3,122.95171813019327
10460,2,119.27137549528426
10304,11,134.58372528132836
10169,1,11.317968253968253
11105,5,102.72894206985274
10304,4,117.30976285783605
11373,2,60.94658914063393
10128,2,69.93858387799564
11215,10,232.49565584106557
10471,6,202.28641548463338
11215,2,55.318520889487935
11232,4,106.18213100720261
11236,2,91.33127303475632
11215,4,103.8778539343249
11226,3,176.21221175776108
11207,6,161.6090853734207
11208,3,84.1703224932252
11363,6,141.83213871847317
11236,11,178.9348827345311
10026,4,247.7261430444001
10468,3,126.13129999375121
10308,5,130.14470549581853
10025,5,225.33995006627316
10456,3,135.12918027469217
10030,3,150.7138468752342
11207,4,187.33125197107765
11213,2,106.21214265195928
11205,10,139.3742265537835
10306,2,85.32111420134594
10019,5,183.50734787098853
11356,6,95.76563984674337
10469,3,93.8309104207757
11234,2,47.89569577016649
11355,5,149.27109136855438
11210,5,208.1929909829564
10467,3,124.69771861238455
11221,3,126.20436559689713
10035,6,242.6533604632333
11229,3,63.66792756766521
10019,6,286.60767140442994
11211,10,211.97577850736116
10472,4,105.1970462706475
10467,2,107.2831756559554
11433,2,50.14151544715443
11231,3,142.7318326693225
11229,6,184.8023831514132
11221,4,142.7822321389654
11412,5,147.08267571548814
10312,2,71.31643118031523
11214,3,89.39400863330397
11226,4,216.33678585915268
11692,3,86.06933357176929
11219,3,108.321605896917
10153,1,1.8908333333333334
11206,2,94.0770083813688
11206,6,210.2845366958388
10457,3,132.5597071921618
10468,4,189.00565226895785
10034,2,101.88794822522172
11220,6,182.98893629275187
10466,3,93.13550516170068
10457,6,223.21363852428053
10457,4,161.25017287454676
11413,3,106.71214191976016
10033,10,124.25989639705524
10463,4,101.2890825994129
10039,4,264.3044010495508
11233,4,189.7495720593757
10030,2,101.26647890559728
11219,2,68.96490499718814
11223,11,174.74800208545494
10032,5,236.4857700188798
11238,10,207.75045456462195
11429,8,89.65285087719299
10012,5,175.72411515969412
10009,2,59.665249800159806
10040,3,104.80508351790318
10452,2,128.4943733406076
10453,4,169.6523672278335
11354,10,191.2111048387098
11374,2,66.08746517575368
11218,9,194.19357604150125
10451,5,209.09608406158924
10010,2,86.34831096196855
10039,2,115.86832021823516
11106,2,57.8929666007743
10011,4,167.9229049993606
11411,5,85.51054369918714
10065,4,203.0351706608573
11413,10,204.54208103289585
11210,3,157.4902900428416
11235,11,193.49081928702938
10460,5,234.82176716738303
11414,2,49.408660628019256
10466,7,67.73449236209694
11106,5,150.443750337382
10069,1,29.515685185185173
10301,5,149.9097627719504
10452,4,178.24044470702924
11374,10,116.37638793037348
11377,2,51.644321525814064
11691,9,176.31980448172476
11354,2,78.69492235114838
11236,4,151.8974914733966
11204,3,77.79965077416257
11209,10,133.41995647616392
11211,9,246.66708206824214
11237,10,104.74811229959013
11222,6,172.1340600326405
10459,8,388.47943042170095
11213,9,281.35192582058
10010,10,214.21718284729897
11224,2,138.03901980530392
11207,8,183.73480657853318
11214,10,179.80402044822097
10454,2,114.42424691358008
11040,1,25.055185185185184
11205,3,84.57476668298247
10471,3,160.88503064310746
10013,5,138.9859632258699
11212,3,155.14274062777017
10453,2,140.867738469602
11239,4,27.196038041624156
11412,3,85.6458333333334
11216,6,274.14555118653493
11228,4,94.47246743295015
11229,12,171.7594707953606
11411,4,112.36689287173206
10004,2,62.37918168168165
11237,4,162.2142377560355
10033,3,128.30547052154193
11222,11,264.8005310418327
10017,9,285.9057381050605
10022,3,115.23892584470424
11423,4,129.32725263911277
11428,6,117.53378515240908
10029,2,93.14157091097313
11219,4,128.64383931975928
10002,3,91.00079046898644
10011,3,98.25435117002124
11218,3,92.32871754675463
10010,3,128.08057311995816
10303,3,93.28178449183771
11378,12,160.39987689606187
11375,4,132.62303169861403
11101,9,138.53083618038923
11366,3,31.892039277180412
11210,6,185.76558319930376
10455,2,134.39321596816106
10304,3,133.8128846754055
10305,4,103.364069078489
11356,2,42.815957467282374
10025,3,132.01590899764045
10009,7,246.53590548098336
11249,2,79.30471249459585
10457,5,213.17330408515542
10004,6,126.14004499999987
10306,12,506.32471753179004
10314,4,114.75053739474995
11422,2,83.20161278735621
10029,3,123.53678465136059
10039,3,141.76994316921744
10312,9,133.14067858954888
11415,3,106.59809986366731
11233,9,330.9123703070869
10307,6,130.79629933665
11693,2,76.16539473684198
10462,6,236.09656980118868
10121,3,199.43909356725143
11432,2,98.90666241989047
10155,1,24.96125
10475,6,251.44880039331346
11691,2,101.1581256465965
11430,7,1200.1521682098764
11370,6,175.25812930518111
11379,2,48.288602567655
11205,8,194.8541199300989
11218,4,128.4627404911649
11379,8,160.44471930592013
11361,6,150.0593051821983
11430,10,1162.6708936550485
11378,5,80.65759059683629
11211,6,313.1996769928209
10022,10,273.11822991967915
10314,11,328.4561145641495
10456,8,289.5501396948211
11101,12,127.02018902105527
11219,11,241.00721831771466
11413,2,76.362559335443
11226,6,221.67964732478123
11374,3,79.92632982650413
10016,4,162.47005537692
10032,4,203.49929441278232
11422,4,147.94832623881243
11234,4,103.46801312755007
11103,6,297.153537851038
11219,12,227.4462472185139
10003,2,65.02254121278143
11420,2,53.258090663250776
11434,2,90.88318959007545
11694,2,62.180315251011145
11365,6,117.6538983496267
10468,2,115.80149596266585
11418,7,119.16155314757485
11385,6,165.08696862284822
11436,11,111.25330803481084
10040,4,167.52869037192775
11423,10,359.5680522923809
10029,7,154.2411352705863
10451,11,156.33952890060476
11355,9,195.38506480892866
10301,3,124.26705624001822
10024,5,191.88817316131318
10452,5,242.82370593723599
11216,2,128.86061579481975
11377,6,125.50134950720246
11385,3,71.05437697763264
11203,4,169.7231913580242
10468,5,151.25388789764307
11358,2,59.26153489507078
11419,6,125.88504514607797
10463,3,84.129984292328
10461,2,72.84250690521024
10037,2,132.1776743605113
11375,7,87.57465766689464
10014,3,84.98486058301638
10475,2,137.64876802374891
10459,6,221.12963393853852
10003,3,130.38941926026175
10305,2,72.88980788056776
11211,4,174.24015776699014
10009,4,218.24402628245684
11224,6,181.21453722222233
10035,3,149.15461911357355
10035,4,174.23738414192601
10474,3,128.8295478036177
10301,2,80.54285615751179
11235,3,99.81918868934645
10009,3,99.78632933402893
10016,5,205.2484701466718
10013,4,129.42707452725256
11225,6,196.4979353233826
11212,9,324.1082673267324
10024,4,237.25699841395715
11368,4,77.04097696527214
11374,4,122.26967100406034
10031,5,204.0932171455953
11222,3,96.63868117985797
10306,6,99.55283513962131
10024,6,337.9982104795732
11220,5,126.71219164332369
11004,10,408.9720066137566
10018,4,198.85966142744152
11368,2,39.956588016422785
10471,8,156.43156325003534
11377,3,58.77481221323481
10032,6,219.31928623621604
11417,2,49.56511827956988
11370,2,71.67131170483466
11413,8,122.059760218768
10037,4,246.56805895691647
10012,3,106.55683975594076
10463,6,151.6102432597235
11420,3,83.72273441247019
11693,10,145.50112087326943
10069,2,87.17909090909092
11206,8,220.93995536903805
11001,6,223.25525946275945
11372,5,94.13182128300525
11419,10,354.6847831894775
11211,5,184.86456136090288
11101,4,63.24236784996352
11361,5,87.92321607468119
10473,4,144.8338423263032
10310,4,105.68592549019621
10128,4,199.1217690527065
10451,4,183.5905876481791
11231,5,110.53283634319662
10034,10,73.63997354497356
10128,10,162.79513050153545
11235,10,200.87502016494486
10016,8,367.1668140255006
11220,9,150.56462756513469
11203,10,179.11056708062833
10011,2,70.95673732171154
11215,6,184.04722093323002
11412,2,88.61751068376063
10009,6,218.17657143861203
11414,3,609.2908685859765
10040,6,289.9654230905555
10474,11,154.85037146336902
11209,3,90.51448892697812
10028,5,293.475545825486
11691,4,210.96307641819035
10030,5,257.2045151586183
11212,5,184.62089018213243
10018,9,234.1595262677342
11212,8,274.10998672467605
11209,5,116.70535026455035
11223,6,159.53614211559992
11226,5,208.8940120388776
11433,3,76.85880209803392
11214,12,231.74641684631226
10172,1,0.7166666666666667
11223,10,151.56136013967733
11221,5,215.38935992846487
11201,5,95.52361398533479
11419,3,50.85680433365924
10028,2,74.581369610936
10473,2,85.25697740979231
11412,6,137.6986619672974
11208,2,97.76842268442257
10314,5,156.8822960854356
11210,4,178.97631426475968
11373,3,53.71286016096588
11105,4,58.781214260808866
10035,2,100.7735058878397
11423,8,167.6680014749262
10302,2,66.57323611111124
11412,10,272.6594039948458
11233,5,160.62414278464425
11224,4,131.78875588995297
11416,3,53.93122520460544
11218,5,133.72192965501088
10023,4,242.20154932216096
10472,3,121.3292754286414
10017,3,84.44177372193914
10038,3,81.2186820124319
11222,2,76.79376810201195
11232,6,131.70600947424552
11372,4,104.60634096648315
11233,8,287.111640171313
11375,3,57.98677081390276
11360,2,49.56962828770802
10035,5,238.90574225865154
11378,2,37.35649064552986
11215,9,284.5195129541662
10034,4,167.8778348411578
11420,5,110.62431330348932
11203,3,139.8817953315715
10040,8,138.34516859810097
11223,3,67.30101401060276
10453,6,249.41154643823282
11697,1,62.52453703703703
10036,4,152.56993416447986
11429,7,119.69520844303997
10459,2,138.85711079625
11211,3,189.9522899048629
11220,3,114.16137311810846
10037,10,164.88277844873878
11357,3,185.16893252447804
11102,7,136.18441008246856
11210,12,302.94520053176603
11436,6,72.36152130325803
10302,3,83.55777053712468
10030,4,283.58522276460576
10462,3,116.9852192101735
10040,2,80.10723803363528
10302,4,157.88986867436753
11364,7,167.23534863945568
11377,8,145.32148333580602
11208,11,143.46547619047604
11106,8,164.45896995812632
10301,4,119.25708014048509
10309,4,78.53852647569468
11367,2,84.31060492873094
11201,6,162.1240941409484
10018,3,83.20924001736105
10279,4,421.68833333333333
11205,5,105.16575225694447
10035,9,191.097786034442
11040,5,242.30365497076014
11214,2,46.90829318434686
11223,2,48.656897814395236
11357,9,226.60535830999123
10023,5,297.7728969529247
11419,2,47.2298527110375
11375,10,145.9865852370629
11234,11,278.94415911835756
11249,7,173.97221482139324
10010,4,202.55007374230917
11435,6,122.49292703150866
10460,4,200.40312520246198
10013,6,254.81524232914936
11216,9,325.6490997206106
10303,4,213.4384103590492
11373,6,180.72757809818052
10474,2,142.1535335797909
11004,2,78.88104230377166
11210,7,200.9093556153284
10021,2,60.25377999596686
11238,6,218.53082609220348
11378,3,43.14191138835579
10001,6,378.24933699458614
11357,2,57.533421160130715
10016,6,394.1931879450655
11234,3,83.51078239721004
10022,2,54.7422825150732
11416,9,260.78699512012025
11229,10,291.75595505618014
11216,8,313.56519132895835
10002,2,74.3165081725859
11212,4,189.29220477244354
10044,4,240.68453703703696
11101,5,72.1288780992646
11418,2,69.03302590511859
10034,6,247.6512302884109
10454,4,254.7971766200236
10304,2,78.4961793034365
10014,12,158.8311476673632
11235,4,86.36615273061672
10003,4,217.4022363275798
11355,6,244.34661995328662
11236,10,218.6901546362492
11214,4,94.09857193210745
11373,4,95.63436914092492
10472,6,215.22599915326032
11385,7,90.48820478443781
10457,7,156.10614225053058
11206,5,197.41584777396335
10007,4,81.1255847313398
10306,4,103.95082748899902
10023,3,566.4648145921601
10459,3,129.06903183111604
11372,3,93.75685920984799
10037,3,178.7966481234238
10029,6,239.20950280732876
10466,5,119.11493801652894
11356,3,54.398426268861506
11206,9,251.4046041444094
10473,3,112.30059408983436
10314,12,394.68259901346767
11222,5,102.48879873586185
10001,4,158.42560385487525
10002,6,207.37906843695987
10012,2,68.5431226472375
11691,6,162.92760917214693
11377,7,120.17929201851068
11416,5,119.08465084661965
11228,2,45.1244882864793
10026,8,197.8135325011934
10170,1,51.22770833333333
11361,2,48.61168660503901
11369,5,111.04303090633299
11691,5,257.11547108632726
11418,10,242.9234700698884
11418,4,114.72427243589736
11429,9,177.96710828993045
11368,6,112.8437545006631
10002,4,163.81995474700005
10001,5,187.61881211118973
11385,4,97.31609789182666
11102,2,57.02199119574119
11433,10,189.54887630930403
10044,2,88.87785353535352
11205,4,101.8661551631269
11228,12,143.02535659027183
11106,12,198.4022228309389
11223,5,104.27333386880878
11213,12,137.55923529825284
11411,10,229.8667555994732
10017,6,322.81318409931305
11416,2,44.10588845144354
11223,8,116.1582181411269
11103,3,87.81031820659582
10038,4,93.92102527191298
10453,5,280.3927642490713
10473,6,227.27381382275115
10309,5,145.9849678845513
11241,1,2.330277777777778
11226,9,238.16598587589908
11433,4,105.87999196724697
10036,3,96.02330520393798
11217,4,107.9568025695655
10033,5,284.79188575498614
11365,2,54.27398698759441
10021,5,284.948858986465
11210,10,236.41860551075231
11235,12,183.34052628627884
11201,3,72.81066645271744
11206,4,149.2156423967603
10310,3,83.89616431576358
11434,3,85.36127923316259
11414,4,204.0146246470685
11218,7,138.70265747314718
10011,5,190.25702430729777
11209,12,150.8238119957829
11354,6,200.63301188903532
10307,2,52.517117117117174
11230,4,146.5059286988809
10027,10,198.68952088393567
11040,3,240.87118279569896
11692,4,243.42012127371237
10456,6,202.43550498329182
11691,8,159.45018951781972
11369,3,92.15233169269055
11217,3,96.15022398220141
10451,8,315.60597685877246
11209,4,118.78233043837847
11237,3,101.18881548038509
11364,4,102.89758998435047
11237,6,205.0906844284188
10029,5,227.239813106796
11378,9,124.34346207508878
10309,6,110.63422854452494
11206,3,150.00317416626743
11385,12,152.71473377134478
10279,1,0.940185185185185
11234,10,319.9239436334143
11416,11,153.53997985901267
11104,3,106.13221406491496
11228,10,150.52477660872225
11239,6,40.900834970822935
10314,9,133.89283151825768
10305,12,369.9240630341884
10471,2,51.419830687830675
11221,11,114.32794725497668
11428,8,122.42473493100935
11377,4,76.21140097133394
11419,5,104.59887869367572
10454,8,324.57916745024227
10454,5,138.99602824720387
11201,10,150.4059564488275
11368,5,65.78825987293354
10451,3,161.4730410863066
11208,9,178.9421778828787
11423,6,104.91188730911041
11415,9,216.62735470085468
10303,11,201.56070178101606
11231,2,82.07283835697375
11694,5,98.53243075568363
11370,4,91.0789360521571
11694,6,92.57129202689714
10314,8,141.86258831998867
10307,3,75.36111224489794
11694,4,134.1513130841121
11434,7,111.12877054468923
11354,3,94.84809586922903
11364,3,84.3094936958235
11423,2,76.22442133815551
10002,5,169.7390477204948
11208,4,119.70050432696586
11428,2,95.09647423510454
10473,7,129.18297585130938
11434,12,303.85982436801953
11249,5,152.19242900521775
11208,5,158.25423257849258
11378,6,84.63415775708476
11418,6,100.9888785163054
11362,2,73.3585550082102
10310,2,55.62730664488022
11217,5,132.01517704201888
10474,4,155.25791069038067
11201,7,142.40615300696757
10460,6,230.1538049616389
11434,4,93.81017756680708
11432,8,66.4082161718229
10019,8,266.7030402718417
11430,9,1631.1693273760056
10128,5,290.32542288011706
11105,6,141.21510737225609
11204,11,187.07432102461703
11369,6,185.61643567489403
11354,4,129.53402950157647
11356,5,77.44899675113716
10468,7,120.23658982179204
11368,11,144.0834751224538
11104,2,68.16104653088256
10037,6,322.55898644413145
11211,11,280.1013779657035
11432,3,105.59138054830245
10021,4,190.22948089046517
11105,7,136.56061379495424
10314,2,61.08419286321157
10465,4,89.29243354935639
11106,6,277.52323293452076
11203,7,127.14844171917193
10304,10,149.13287907869466
10312,4,108.50759949813283
10312,12,502.30325129802816
10455,4,140.19454237229814
11412,4,128.22525808614049
11249,4,124.15440280517203
11239,5,41.042999640311145
10039,6,252.69377190676514
10461,3,78.8104862122931
11203,6,209.52395437030563
11367,3,107.85664467592592
10462,8,183.29920448908743
11004,3,194.34712719298238
10030,9,134.64630182948335
10014,2,75.64368055555558
11422,6,116.23415167865699
11369,10,270.3525726918464
10466,4,110.0100772047121
11411,2,62.69491743827151
11411,3,81.56137041010977
11236,8,173.42104889589868
11436,2,61.096184332868454
11415,7,145.61612001781322
11379,5,78.62796677833597
10075,2,60.29622792719375
11427,3,100.38082187857952
11432,6,100.96431800565868
10309,2,64.24149675249357
10312,11,260.19590925412837
11212,6,290.8429589371995
10472,7,130.83141149870735
11234,5,70.86529220597306
11420,6,96.99693546158124
11103,8,119.15535364145637
10460,8,272.9136591707915
11365,3,49.387644241061956
11235,5,91.94543987621566
11229,11,215.02907525019313
10003,10,206.16969501600352
11228,3,82.94954570675553
10460,7,147.36962928580243
10462,5,163.90796351010073
11237,9,202.67174143644
11436,3,47.90222648843388
10472,12,134.04728117913888
11426,2,74.2942402570481
11004,5,110.04754419191923
11370,8,184.26049447791175
11426,6,113.20714285714295
10010,8,292.9437354227403
11218,8,199.21613752658104
11751,1,71.15194444444444
11235,6,135.02510798360126
11432,4,106.01168630412886
11225,5,189.3293664850126
11224,3,145.7973062110785
10005,2,74.57164687588354
11234,12,620.927595991559
11370,9,223.8432521043774
11426,5,83.92518000000007
11434,5,131.00897033481021
11429,2,75.46933106575965
11217,10,179.00897124779735
11358,9,213.42191400304398
10002,9,134.06268253033045
11427,4,138.5128667534721
10305,5,91.26056837113924
11413,6,89.18367615049745
11692,2,113.627312542604
11102,10,159.54989440239265
11205,6,111.70175949474395
11419,7,129.2190885603343
11213,5,185.37436917562718
11216,5,156.62494158195986
11377,5,91.06281600831593
11213,8,286.9180049718016
11215,8,222.19511312833941
11358,4,130.35035612535583
11372,10,103.27993281045734
10305,6,111.48661793372294
11220,10,167.44428137148617
10473,5,124.17104003326227
10454,11,166.74194939151025
11411,6,103.12419791666657
11004,6,85.95679307116099
10021,7,550.4113528631016
11236,5,119.74174598226662
10018,6,284.26561770501723
10458,6,234.35488523198552
11366,6,57.85791820919091
11421,3,42.57555141803958
10465,6,126.87442331124856
11422,8,117.41845034088834
10168,1,96.99552083333333
10000,2,61.070228758169925
10038,2,38.224484289617465
11208,6,105.65054607446314
11232,5,98.58736344537829
11004,4,184.91996932515337
10271,1,1.6029563492063492
11106,10,163.70293596784447
10009,5,139.86831215679393
11370,3,100.93544419605888
10004,3,28.456033913961456
11101,7,94.13158228553617
11423,5,128.54677526825895
10461,9,138.48340858920338
11225,9,263.73398211843477
11221,9,297.4063903082534
11354,5,180.67845095304506
10465,9,125.79354692598281
10029,9,149.3173293519829
10029,12,140.1940667836846
10467,5,172.68506711963022
11364,6,158.3380795818583
10119,6,1846.7267361111114
10301,11,194.88917735042742
10035,7,251.48275147815488
11208,12,182.90902371390277
11219,5,116.8120325931235
11213,6,190.03618753879576
10026,5,245.63643134200734
10474,7,274.3630094482235
10012,8,245.39291485703944
10305,3,75.77851790450939
11237,5,187.26798873873844
10153,2,196.63062499999998
11104,8,156.00210441132197
11217,6,197.30608570563294
11430,2,145.67002222222226
11433,6,110.98474391624181
10468,6,164.15894706752795
11102,6,200.4437066758115
10454,6,131.9609898822661
10004,4,48.45407192982449
10004,8,65.66354417670698
11230,6,121.7489523809523
11218,6,161.5072062746459
10038,6,299.58036942416794
11222,10,206.5562563316142
10454,9,110.38169300411519
10000,1,37.63696759259259
10308,12,564.3278246161843
11362,4,99.40591282894732
10474,8,398.4512072347774
11360,3,70.14006016847173
11225,7,124.79648930265434
10456,7,144.6484279093072
11229,5,103.48494912118433
11385,5,94.63382650728305
11416,6,117.61178828081785
11432,9,149.0520404499761
10467,6,189.12117038702806
11368,8,86.70376416285896
11432,10,175.09914644363596
11426,8,199.37808677553656
10002,8,161.1633897548938
11222,7,116.30593919451839
11226,12,147.87233689613566
10461,6,155.4182204861112
10463,12,108.89607345132794
10007,8,79.95336859809022
10007,3,51.74185136707389
10038,8,159.58037370103943
10038,5,104.68883812260532
11432,12,122.66202609958903
10020,3,161.54438492063494
10020,5,459.16090958605656
11374,5,88.34653123008295
11220,12,177.73341206450658
11370,7,106.54478308120315
10308,2,66.70937292703161
10027,9,218.09900194505127
10031,12,167.33818611413983
11432,11,110.92240909090906
11238,5,202.26231852422538
11419,4,83.08884616643792
10306,11,177.3467898402991
10451,7,160.4448185685689
11232,12,127.81328235538913
11207,11,144.2847467941332
11358,3,83.22009469696974
11239,2,11.503560801513608
11231,10,146.8192819410867
10018,2,58.31388498340168
10011,10,126.60392134725775
11357,4,87.76347274765303
10065,5,304.7698661879898
10468,8,185.08742725034259
11217,2,43.39839289845018
10304,12,276.12662416187754
11005,6,935.8120299145297
10472,8,181.57990015994474
11203,8,173.87278718558144
11428,10,194.64348881514238
11367,7,135.88076543209866
11363,2,93.22275956284156
02062,2,735.9102777777778
11379,7,103.21902989283691
10470,5,106.62616372830402
11385,10,125.9341781508396
10037,5,269.18502976190433
11379,9,140.9039101582441
10467,8,191.62396001398307
11234,7,149.67671531506664
11221,7,137.0596727975856
11355,12,127.08255666113875
10007,2,37.38843677010343
11207,10,178.82123755241196
10475,3,103.33610910549532
11385,8,131.58810279484163
11694,10,232.65511434511458
11691,11,176.09962171573244
11373,11,145.30856847485515
11422,7,101.68039956904623
10016,10,354.3263195754727
84117,1,24.270555555555557
11205,7,123.12247871643764
10128,6,309.1452432012434
11205,11,162.37685423925694
11355,10,186.34665076525502
11413,5,85.17329274649988
10303,2,61.50091558441552
10121,1,93.35173076923077
11236,9,182.28085124559078
10025,7,214.5331051639104
11374,6,156.37154721079068
10003,8,278.5730443626034
10452,8,298.33393954248334
10474,5,218.55075673841375
11212,7,207.4827562895359
10030,6,251.62956920904
11375,9,144.9560465507425
10023,9,188.8575994220151
10458,8,238.75997639063996
10312,6,132.5933987841679
11369,7,189.2168779837126
10000,12,713.1351058201057
10455,6,227.72354189140506
11204,5,87.42744362984678
11435,8,138.51370503223174
11418,3,65.81701237922708
11364,2,69.90096970839619
11693,4,162.10827237896189
10470,6,114.7777634254275
11373,7,108.82055199430198
11233,11,200.6488557552658
10471,4,90.1101787534585
11223,4,83.83123231845177
10469,4,105.96529322576964
10024,10,152.78228268809318
11422,3,85.26148093359626
11694,3,94.31027661064427
11427,2,113.08234941204698
11225,11,156.87683365504552
11378,11,94.48605970670368
10470,4,88.70702975774512
11207,9,245.19318999360942
11201,8,129.05069352019848
11104,4,118.91935464231378
11415,5,137.30744651106258
10308,4,113.51076071630004
10003,7,303.33365765287994
11435,3,89.56527351024226
11237,8,175.66915233732723
11236,12,278.0531738462359
10303,6,125.67061347061359
10169,6,182.26306878306883
11231,11,266.87876446951304
11365,9,158.38216577540064
11429,6,68.80864504556911
10065,10,177.87260320597244
11417,10,202.458510786361
10472,5,138.98786974894327
11101,10,126.16304846513152
11230,5,171.72663721390353
11421,10,97.18179652213183
11419,11,223.58862341053597
11365,5,87.19180412102239
10455,7,218.4284138176638
10452,7,132.52607248574162
10154,1,0.5962777777777777
10470,2,66.97251169217694
11230,12,157.83685236661228
10302,11,244.47129399195575
11104,10,177.005317011927
11354,9,186.9694639499904
11379,3,51.441765458937205
10028,8,271.61460563665844
10012,6,244.51554411495474
11206,12,200.35813148981012
10169,4,114.92722222222223
10010,9,263.0695864809573
11418,8,147.70252118419717
10470,3,56.79513517693653
10010,5,257.1907655717105
11420,4,78.16069972109152
10310,5,138.09924627031847
10309,3,63.36909661483645
11216,7,198.96546439733694
10001,9,275.53486445633894
11239,8,41.1095178749049
11215,5,139.14042087542123
11208,7,132.32982230691547
11414,5,197.36160958904094
11223,9,160.23659520258525
11418,5,107.81539823648444
11692,10,180.49745312500005
10308,3,86.40761925164252
11417,5,95.83309834576397
11365,4,84.18115419970124
10455,5,190.17818855316685
11212,12,176.0355863958734
11215,12,315.6525322453613
10459,5,256.69399213239245
11411,8,95.09556978597462
11417,4,61.13322410216524
11106,11,142.39191331417595
10301,6,126.52561920827696
11362,3,98.21064448441246
10453,8,240.8888965764657
11104,5,144.908332959976
11415,6,251.13590839106982
10044,3,256.67227777777777
11372,7,119.99350318574874
11205,9,157.55156141868517
11361,4,63.96088971397131
11102,5,99.480116750209
11103,9,133.86701256192492
11725,1,22.614444444444445
10304,8,160.57960983461004
11416,10,222.3379651162787
11411,12,424.359665115624
11219,6,138.71209925183084
11412,7,119.23337998303644
11209,11,248.08169677463945
10466,11,23.297719951506572
10306,10,200.60272105038862
11366,9,48.463342673626954
11372,8,124.30984861542022
11361,7,135.6880753454234
10306,5,101.49087476365277
11221,8,260.4639459388502
10282,4,51.35115740740741
10280,2,92.47478632478632
10468,9,113.9642241196119
10307,12,451.85602209352203
10304,6,139.82259950248718
10065,2,60.839341465990664
10305,10,148.76230586766542
10123,4,2299.0597222222223
10312,7,114.37122498274698
11216,10,159.73590622861028
11434,6,103.81765297067874
11375,11,177.75440623245385
11414,6,450.7794351254484
10011,9,199.75755227461855
11427,6,91.7831548387097
10466,6,109.32414960811444
11373,5,122.73995011737094
10301,7,113.39786264708941
10128,7,304.1974471710972
11358,6,172.32729136604144
11206,11,195.47709009719003
10460,10,122.7216631741756
11691,7,122.18632702745828
10075,3,128.2947836332477
11217,7,164.8907071390953
11363,5,148.71471326164885
10469,6,156.49786591740607
10475,5,149.492529956427
10026,6,179.27419314050914
11214,5,97.27526851005493
11433,11,149.24954198695536
10075,4,191.82644771955373
11204,12,170.86211578117437
10013,8,148.80189486668579
11358,12,215.76242089570403
11216,12,254.25672019895336
11213,7,169.53788226774248
11377,10,140.52012195377722
11364,10,238.57507476889577
10451,12,175.15703324060593
11249,9,205.87717942993243
10001,8,331.78348511641536
10307,4,103.084007586882
11373,10,144.9200665351137
11362,8,290.73743583495764
10041,1,189.21944444444443
10021,8,314.27684119152127
11231,4,104.6057498893315
11434,11,144.8452453783112
10001,10,197.1890512992834
11694,7,93.6882944510347
10020,4,414.9969444444444
10304,5,211.32809653916237
10018,5,181.41353572903753
11004,8,192.04206120943965
11416,4,64.7521643518519
11222,8,130.51157263548822
10473,8,119.92916176182074
11378,4,46.291527388296856
11375,5,86.40622995325438
11208,8,165.35798866969662
11373,9,154.84400614967757
11367,4,112.33276319828111
11215,7,229.8088715629927
11435,7,106.6838254511511
10019,12,196.3008115984979
11364,12,398.30167979002624
11226,8,196.84580325507787
11229,7,193.03462447220804
10306,3,73.61111801632144
10474,6,134.9296521164022
11435,4,91.36661497890306
11426,4,143.22991493526055
10462,10,125.90432749737889
10036,8,247.2065069883663
10305,11,152.67492550505065
11228,5,87.7588758544779
10464,6,106.52910561660556
10462,7,156.95363443511516
11428,5,81.00647702991448
10018,11,334.3927046568633
11372,11,94.17958861204946
10035,10,154.0876678832118
11374,11,168.3300650037795
11209,8,101.53979840354279
11224,8,96.98752604166667
10165,1,20.30611111111111
10039,9,203.2327995828593
10025,9,152.5379764603101
11211,8,191.42742874342713
11421,6,74.71379058815774
10025,8,229.7213661510826
11203,12,185.29790968342618
10038,7,147.94941548376562
11365,10,209.65740949119393
11238,11,189.86898477564074
11429,3,70.7969433962264
10469,7,125.71923274213205
11379,4,68.80599213936681
11005,1,58.550694444444446
10451,6,273.4755481897008
10463,5,133.15976664245926
10105,1,7.835277777777778
11207,12,191.6214638615772
11364,9,289.5470281649249
11356,9,120.91082167424494
10151,1,34.0125
10121,6,824.4225154320987
11435,5,107.22899109167493
11421,11,101.74419653916242
10027,8,244.07836992533308
10030,8,170.40244122827136
12345,1,108.96222222222222
10469,9,139.79902252531502
10025,12,187.9949262270403
11358,5,119.57974392891082
11374,7,116.82013713818868
11368,9,123.79946606634093
10467,7,155.29249251436434
11432,5,97.89777298333914
11422,10,168.29374750871895
11434,8,92.23482400201765
10465,12,245.40780855647867
11217,9,186.0924824671585
11221,10,153.51337292401476
11238,8,240.15801284572032
11422,9,165.55111829501934
11421,8,128.04997213403877
11368,3,54.27935373355126
10031,7,158.2652730873461
11211,12,252.7589353918643
10460,11,137.8387495814802
11224,11,157.69209680316118
11375,8,177.99261757243195
11693,3,58.3782983749055
10282,2,48.984431216931206
11360,4,31.575192418981505
11368,10,111.45388700716798
10002,7,153.69120146097632
10465,3,53.03448600363048
11237,7,109.69524980793241
11426,9,290.3812349033818
11373,8,113.71093658870437
10306,8,156.44712954085446
10308,11,316.40666169154247
11365,7,131.77217560022308
10280,3,334.83306423611106
11379,11,176.98839741500979
10003,12,269.8285456701156
11226,7,160.98580427350436
11413,7,133.69109961879127
10461,10,122.94897737727965
11233,12,228.7224262664355
11426,3,102.81184163059169
10310,11,205.3946067538127
11206,10,134.05184813886527
11415,4,147.75657055555553
10309,11,144.4207685990338
11357,5,85.4790929409032
10302,12,344.9169845085469
10103,1,0.3076388888888889
10103,4,1051.7983333333334
10310,6,85.91195330414833
11357,12,474.21572311587715
10456,11,124.71705379212597
10007,6,146.65506971892847
11377,9,167.46837475633555
10457,8,229.1538687846853
10006,2,40.74775413711582
10473,9,77.24591785869109
10014,7,219.084128787879
11428,3,86.3570361816782
11234,9,244.04174538328795
11421,5,66.04081173260582
11363,9,439.3379894179895
11203,11,186.14452179870474
10002,11,139.23171418949238
11101,8,127.75995528995068
10009,11,129.5393860932322
11419,8,134.14853430992105
11417,8,121.11569974922847
11106,7,155.52781276595738
11101,11,131.7648937384115
10012,12,166.76713435593345
10461,5,118.85701846452841
11211,7,188.28974826388907
10012,7,216.48273339907914
11232,9,113.03139625647161
10470,9,110.11312675491381
11237,12,210.44641697711478
11423,7,82.07727565463541
10020,2,60.85026709401708
10153,4,2173.1819444444445
10453,10,127.35468586343761
11357,6,104.27427180946005
10009,8,214.86521005509596
11225,10,135.84721759975963
11422,5,103.40305135387499
11210,8,256.76205848128154
11106,9,199.11687261252314
11412,12,291.82543187347903
11238,9,270.8985964968419
11209,9,157.68304635453092
11418,9,159.4006045327954
10005,5,71.18469659696598
10005,4,143.39970187220177
11105,9,183.82714727416646
10017,8,262.30125375375343
10040,7,169.16475035161835
10001,7,245.5317002267571
11370,12,214.57425459317605
11201,11,166.3771881577485
11236,7,120.26278976243727
10027,11,207.00267092069257
10522,1,12.154444444444444
10040,11,94.38240783607682
11358,8,150.19718012501602
11214,7,93.95307390442484
10026,7,183.94576003307267
10069,6,108.56986111111108
11417,6,113.27550918530333
11230,8,207.1873963350497
10005,6,130.59512448559664
10304,9,159.39689739229019
11693,9,183.67933615819214
33496,2,735.7455555555556
10167,6,3288.9377777777777
11435,11,104.59488251195714
11233,7,183.95936462760625
11001,5,236.7597633744857
10037,8,199.52806493055567
10302,6,149.5294152714359
11434,9,140.65613380228453
11228,6,114.90639987910747
10456,9,143.18024778143396
10033,7,203.52793664383586
11432,7,58.15266246134135
10024,7,278.2877488315287
10467,10,105.11452369260974
10039,7,267.77596644564966
11354,8,128.2559323994063
11421,4,63.86467118408484
11104,12,188.61745672648638
10307,10,79.33759539842872
10464,2,63.20701388888888
11364,5,207.04190327184895
10021,10,196.58087663202775
10028,9,167.13021653314792
10013,10,126.13549081169278
11367,5,159.9575009600616
11413,4,110.43330566771358
10306,9,157.07612523105317
11359,1,2.365648148148148
11102,8,175.56733837050143
11354,11,170.26422595976408
11418,12,223.16145746164653
11362,11,340.1385071942449
11364,11,270.6995983690115
11355,11,155.3622941956883
11418,11,118.00052246691122
10280,4,173.91714285714284
10012,11,149.0435015560604
10106,1,0.72625
10031,8,150.48919655215767
11220,8,133.15756842934894
11212,10,168.59588807473102
10036,10,169.5020848335543
10309,9,97.0637147122694
11249,12,184.6602424430002
10014,10,166.16423513446844
11363,4,84.66041073124407
11358,11,268.5932800441014
10030,7,235.34434357166862
10461,8,120.0638963923408
11230,9,224.02657474573084
10019,11,272.6930114314433
11691,10,152.24418478260867
11207,7,145.94325966764035
11436,7,67.85523819190688
10030,10,135.70438232536375
10034,7,136.54077788839135
10465,5,93.5388406635802
11417,7,89.21200449248263
10469,5,105.08981102262713
11213,11,152.655605108372
10033,12,124.94510880067209
11356,8,113.56832627662273
10119,1,0.42833333333333334
10019,9,236.89199986416705
10004,5,41.744241001564944
10075,7,315.3900237220693
11363,3,101.55353535353532
10453,11,192.92366199506745
11370,11,184.2410758440324
10456,12,120.29080255534818
11205,12,125.7806295979201
11367,8,147.20171671970292
11238,7,179.97549463937602
10006,4,42.8034656084656
10006,3,46.14047113289753
10464,3,74.6873476080247
11417,9,217.34661038489506
10454,7,188.278061304098
11214,8,103.46042462000739
11692,5,209.3850560538117
10470,7,151.49970628768313
11228,11,368.21709178330013
11221,12,206.40594209518835
11234,8,132.86098438187452
11357,8,165.4377014203116
11427,9,336.8402383814109
10173,3,1328.9347222222223
11354,7,116.47878922967236
10028,10,257.94033839778996
10029,10,133.38083043981464
11239,9,47.01272985031664
10032,10,122.02075236722962
10031,11,119.36902799479196
11362,9,188.18957528180357
10039,10,140.71698822222257
11217,12,145.60508277618567
10012,10,100.04520070207565
10017,12,217.55215164272732
10045,1,0.27166666666666667
11357,10,232.30884854290036
10031,10,96.03619701263429
11379,10,143.58647241818505
11693,5,174.39756793478256
11040,2,51.7829126984127
10011,7,215.96784186831715
10009,9,164.47977080287532
11693,7,103.89719060128435
11753,2,755.3505555555555
10451,9,178.1058869263289
11242,8,1849.2455555555557
10019,7,208.77450894438542
11421,9,70.52751618295628
11357,11,337.0634891857506
10472,10,103.0003018283471
11423,9,196.45370063948886
10471,11,125.55460700132085
10128,11,208.64961989992293
11219,7,132.5775355648536
10455,8,317.9267865609043
11697,8,763.0891388888888
11692,6,155.63199009773646
10303,8,179.35065708101428
11420,10,212.90091781874114
11367,9,179.28915198847895
11435,9,159.30692623803566
10105,4,463.3860833333333
11239,3,16.21554214015148
10105,5,687.9411538461541
10023,8,552.3544517236411
10032,8,181.64389710068713
10029,8,153.11099413930057
10022,8,336.28849650349616
11251,1,46.25
10461,7,99.09617130166109
10013,12,148.9521228430899
11370,10,156.7764043435822
11366,4,31.872990726429602
11103,5,104.58378977777778
10032,7,200.0896762246118
11436,10,198.80169214332716
10466,8,112.01284476577433
10069,8,184.9542995169083
11364,8,223.6966709621992
11735,2,734.9138888888889
10016,11,239.2162217237939
11217,11,148.95953288354005
10457,11,144.84087709516004
11378,8,89.19219429843798
11230,10,246.55746627353653
10022,7,324.39620211315656
10033,11,128.82669312790043
10027,7,186.6470423053609
11368,12,104.84463417908435
10461,12,153.07803096355954
10473,11,143.1230633802818
11231,12,130.27614265739027
10069,3,88.78019503546098
10026,11,152.24222709300307
10065,7,421.1828907976696
10075,11,212.57213788629377
11436,5,78.53472394220849
10301,8,177.13382471007998
11201,9,178.74569698789088
10475,4,104.13936309523818
11420,11,192.80965689736348
10303,5,172.8151478934731
11357,7,114.53149820994759
11419,9,211.7278449125398
11235,7,118.23460593115402
10028,11,308.47756645569694
10000,6,378.0161520947173
10016,7,242.97369067560035
11385,11,126.69750363674146
10452,9,179.2249422876691
10178,1,33.73861111111111
10462,12,128.20878263845037
10003,11,272.9444705900131
10023,10,536.8577802349532
11105,8,168.83352378397674
10025,11,149.3514914925955
10065,11,243.86203170687097
10024,11,178.0967095435687
10035,11,221.77901934977447
00000,1,26.75861111111111
10028,7,279.84861589008375
11208,10,166.03019177572082
11001,2,21.388518518518513
11103,11,91.47100453172217
11001,8,325.59924342105256
10167,1,31.315833333333334
10121,5,493.3584649122808
11363,12,229.10717505241107
10166,1,6.283333333333333
10103,5,654.5542222222223
10169,2,34.40993686868686
11215,11,263.153817431562
11216,11,170.48824392398382
10013,7,138.79234698097616
11219,9,147.21136641775553
11415,11,221.5709141414137
11377,12,119.90468259671796
10002,10,124.46007700874078
10034,11,103.13456518308055
10069,4,48.09559692671391
11693,6,80.80168578497523
56377,2,383.8411111111111
10458,7,141.3607499110164
11356,4,45.20207307979118
11697,2,73.64866666666667
11210,9,218.35193922796
10118,1,0.195
11706,2,731.6861111111111
10011,8,242.10562897039503
10014,8,232.81346620450665
11415,8,144.4294414316702
10111,1,0.29000000000000004
10024,8,242.8804470802927
11434,10,161.43820620702152
10460,12,158.05144186712508
10302,8,163.98841094771254
10011,11,190.4006616915419
11791,3,762.1669444444444
10033,8,167.40385532781974
11214,11,149.77124510523706
11214,9,159.60074789820436
11411,7,110.42320449391889
11428,9,153.02107733664175
10452,11,137.72446788734297
11436,4,80.2181429617425
10301,9,199.21867982711743
10107,11,1684.3029861111113
10065,8,368.11956091617856
11226,11,132.3244560937921
11362,10,284.74453898635517
10469,12,163.49396166263125
11433,9,112.77866153430598
11237,11,129.62789926355958
10162,1,0.5144444444444445
11222,12,167.40248003774622
10022,11,285.4702644087947
10032,11,155.0307679603634
10301,12,236.75621265849995
11360,5,88.78789459161148
11209,7,96.76804750402562
11420,8,131.27001581254052
11225,8,222.2148644793161
10026,9,151.1140054991542
10314,10,254.62249591057838
10021,12,200.85058583298118
10121,2,39.67464285714285
10020,6,750.3724151234568
11102,11,163.24884045077135
11377,11,110.61812433050915
10119,2,74.40041666666667
10304,7,126.3075524791894
10107,2,1.118638888888889
10305,8,121.05045229950565
11697,3,186.99494444444443
10007,5,30.71624510954621
11370,5,71.33934847066183
10278,2,7.666041666666667
10021,9,207.92619628066825
11378,7,69.98647604350387
10006,5,37.11600230007077
11356,10,157.78850791002353
11694,9,186.4858423632609
10128,9,235.7475288202108
11231,8,144.07902062324
11241,2,9.14126984126984
11241,6,546.8447222222222
11251,2,5.210138888888888
10036,7,193.55917525411823
11362,5,104.27672998366013
11005,2,30.440833333333334
77478,2,68.43277777777777
10012,9,146.54631608268042
11004,9,222.83693705673772
11414,12,249.13596378146107
10279,2,98.41777777777776
11417,12,236.39371558978743
10457,9,143.3594635693627
11420,7,98.18694327403213
11109,2,20.846798245614035
10465,7,80.61531212052222
11435,12,153.00295887197936
11427,8,175.11783156028375
11224,5,119.02257607555109
10017,10,170.0006382233428
10468,11,122.14374600488848
10003,9,198.34184564019077
10271,2,1.5372222222222223
11426,10,453.2131926024168
11249,11,250.94038764324745
11232,11,316.0621558655437
11204,9,135.80738360719852
11104,9,233.65270579886442
10004,9,71.1501017279821
10023,11,194.7588959918822
10039,11,158.2673303886925
11210,11,168.7283275997343
10471,5,116.40498015873005
10035,8,198.47782997903585
11414,7,94.15076418356111
11229,8,164.09067778367486
10174,2,1.5061111111111112
11426,12,494.15790021929837
11697,7,341.33260802469135
10162,2,38.410694444444445
11219,10,192.52448850204132
10011,12,207.21221584845267
11238,12,240.32479824443521
19034,3,747.3961111111112
10458,12,129.22918405356356
10036,11,220.9587921390772
11223,12,172.8232140608341
11361,8,104.91842888342883
11222,9,143.95254594556687
17606,3,732.4563888888889
10310,12,255.5310744028052
10165,2,7.278472222222223
10000,4,142.98901851851855
11359,2,9.543988095238095
11360,6,97.16524383708466
11694,12,284.50948056086764
11367,10,186.59551531213182
10804,2,23.011666666666667
10039,12,119.09945051609003
10307,8,123.31942122463037
15212,3,733.6697222222223
10171,5,2202.5608333333334
11204,7,127.78152123220426
11373,12,134.01208069620301
10048,2,1.0693055555555555
11361,10,271.9463530910091
10002,12,192.45723019488696
11374,9,150.77786394397253
11429,5,59.311204070407115
10035,12,189.85553371891766
11225,12,137.6221696871993
10121,7,398.5796412037039
12345,4,1501.3819444444443
11220,7,106.09272505857705
11103,7,91.13574033816414
10303,12,278.16532118055534
10469,8,161.23912610554626
11230,11,231.05860621541126
11416,7,104.49226195369253
10103,2,115.4088888888889
10464,5,132.5600260730044
10010,7,251.62446383248727
10022,9,312.89648300323114
10013,9,100.43752276867032
10023,7,243.519106794764
10001,11,179.40922147040175
10017,7,291.3913933994889
11372,9,126.86996939736328
11218,12,152.26560355862782
10115,2,0.3711111111111111
11213,10,122.14205784436041
10123,2,120.57944444444445
11553,3,783.8927777777777
10065,9,236.56530453791657
10282,3,88.82366666666664
10004,7,55.44823033707859
10006,7,71.30902813852806
11232,10,105.58809806801993
10455,10,117.2992262494223
10036,9,225.27857871769098
11206,7,157.21120596206006
11429,4,71.98162461502001
11426,7,144.4472499999998
10024,9,206.4057042668546
11001,9,279.4575411522634
11427,5,76.73358543417366
10105,2,7.3929629629629625
10166,2,0.5077777777777778
11371,2,35.408611111111114
10016,9,246.5708201519725
10122,2,0.27666666666666667
10168,2,0.6863541666666667
10018,8,256.85746213685854
11735,3,732.7941666666667
11366,8,71.37806014692362
11362,6,90.19448859455477
11414,9,170.6168244845827
11102,12,182.33831678941226
11224,7,119.80713604185902
10178,2,35.995
11414,10,741.090060943887
10455,9,140.30217274788717
11572,5,2039.5055555555555
17110,3,732.2391666666666
11427,7,128.9549902419985
10118,2,12.888888888888891
11429,11,267.9566797385617
10472,9,118.05201086107206
10176,2,295.99611111111113
10128,8,241.24454343571185
10463,10,90.0603488606573
10473,12,141.62284683641963
10171,2,290.2438888888889
10167,2,1.6325
11201,12,162.1378978659738
10462,9,158.66555963652195
11420,12,227.64623186701166
11249,10,218.10302453226402
11435,10,150.90228028503586
11229,9,180.4558523245213
10309,12,323.2798808198851
10013,11,151.04031168067974
11422,11,157.45874513172953
10453,9,143.20839325556176
10467,11,135.45926332186306
11371,3,397.5888888888889
11004,7,188.4273480083859
11414,8,518.5787361040566
10169,3,21.926312260536395
11231,9,131.79086873852594
11436,8,78.2128390022675
11361,11,184.30499375367432
10044,6,279.2410875706215
11362,12,246.75959064327466
10119,3,140.54888888888888
10280,6,260.80485465116266
11005,3,141.25187499999998
10000,5,251.62797348484855
10041,2,154.82694444444445
11355,8,126.10667045885451
10471,12,109.04147007426818
11356,12,172.22237674460723
11429,12,320.84754401005955
10009,10,166.36244149720048
10464,12,492.0097745310244
11235,9,130.96065797471454
11433,12,343.2808749516062
10172,2,21.433333333333334
11379,12,212.56739893799224
11413,9,150.65000957854426
10179,2,15.651944444444444
11230,7,155.63461250435344
11241,7,2402.965
10106,2,0.48138888888888887
11109,6,46.84333613916948
10152,2,0.51
11427,11,148.5070643798159
11694,8,127.97202794819368
11375,12,129.8642355920946
11001,3,40.95614236111111
33394,2,20.08
12345,2,20.7175
11413,11,227.05298307528795
11417,11,131.74180964052272
10018,12,367.41983762989594
10468,12,113.54441108530098
11561,4,913.9347222222223
10281,2,120.46666666666667
11374,8,138.06801359084406
11040,6,95.09631481481483
10458,11,132.41447911002368
11412,8,135.52850975547943
11235,8,122.479358677845
10120,2,0.8259722222222222
10303,10,130.76066821294444
10280,5,165.9705525362319
10463,11,153.75622642600933
11415,12,381.6633495033499
11004,11,306.459070881226
11358,10,217.7935128654972
10121,9,988.6380555555555
11691,12,171.56245630258252
11232,8,93.69318749390311
10310,10,132.74623684764293
10306,7,95.22745474528061
10463,8,130.7970381238042
11224,9,166.65035758998428
10110,4,100.93300925925926
10457,12,134.59009868705147
10024,12,224.20946963154864
10020,10,534.1984444444444
10173,2,0.4033333333333333
10110,2,4.495
10452,12,115.85668600185402
11365,8,142.12041131922746
10463,9,121.59879506269593
11040,4,106.6429901960784
10111,2,0.48277777777777775
11421,7,44.15834858044168
11365,11,268.4275701965502
11411,11,193.38939497716893
10112,3,277.10490740740744
10032,9,137.08131489985962
10045,2,0.45944444444444443
11416,8,166.11973015872996
11109,3,7.27731087470449
10308,7,131.72821098358034
92879,3,78.48611111111111
10278,3,6.91165277777778
11426,11,275.188773082942
10107,3,0.7870138888888888
11242,3,8.940238095238094
11001,4,101.38821038251375
10279,3,84.71055555555556
10045,3,47.542685185185185
10170,3,3.86625
10115,3,142.89666666666668
10302,9,148.71115290068826
11692,8,140.49946118991338
10454,12,154.14790669775616
10154,3,15.834583333333335
10005,7,97.68193605870026
10308,10,178.82959615384632
10016,12,209.19838268586477
11228,9,149.56039113104183
11359,3,0.3542063492063492
10018,7,233.3523853560544
10030,12,160.47684043504975
10000,7,220.98909003831423
10106,3,0.15861111111111112
10106,6,573.5028472222224
11590,4,730.8705555555556
10023,12,186.07534471520248
10466,9,15.959522464501445
10075,9,274.92945794753064
10075,10,177.9975264303485
11365,12,99.58894257914898
11433,8,76.18128803803813
10007,12,131.3227119681665
10467,9,140.91992523479996
10174,3,0.7052777777777778
10006,8,53.6426960784314
10172,3,35.65993055555556
10152,3,13.70736111111111
07083,4,734.1186111111111
11360,11,118.16158218125942
56377,4,733.4744444444444
10105,3,35.232277777777774
10048,3,41.84444444444445
10118,5,172.17201388888887
10312,10,156.92297100321628
10168,4,474.4097222222222
11354,12,189.87807665260172
10123,3,3.183333333333333
10006,6,41.73172849462366
11366,10,116.71273255150336
11378,10,94.37265513626835
10007,7,93.2475422183843
10282,6,210.85437975646877
10167,3,20.45
11575,3,93.9336111111111
10075,8,340.7049133619149
11412,9,157.74931119889638
10027,12,165.0663070426378
10014,9,174.92544753086418
10303,9,149.5201569177352
10310,8,166.66359826589627
10307,11,274.33823218599036
11366,12,55.0143047103899
10121,8,1175.3887169312165
10038,9,130.847002636843
11219,8,118.61393852880683
11251,3,0.39444444444444443
11360,12,150.5695908852115
10026,10,142.9045189119314
19013,4,601.5255555555556
10020,8,1137.8616111111112
11001,10,578.6434538152613
10153,3,9.944305555555555
11105,11,139.04940140845022
10152,6,2502.275
10271,3,1.4615079365079366
10168,3,63.603425925925926
10001,12,203.1561603348081
10176,3,20.001666666666665
10463,7,99.25488979644778
10178,3,149.40305555555557
11355,7,106.04225779763405
10175,3,1.0580555555555555
11694,11,186.2259884488449
10460,9,138.0318432925816
10110,3,0.3030555555555555
11693,8,86.69010476978217
10069,5,80.69150304414002
07728,3,11.768055555555556
10470,8,152.69896291683978
10112,6,631.3403703703704
10048,6,1329.7772222222222
10111,3,31.698518518518515
11413,12,314.1038779239765
11572,4,752.31625
10165,3,2.446388888888889
11697,5,192.21536111111112
10120,3,0.35094444444444445
10014,11,157.2056114896126
10278,4,160.38810185185184
10573,4,1080.7391666666667
10281,3,1.1083333333333334
11104,11,130.68057084607534
10103,3,1.078472222222222
11241,3,0.783425925925926
11241,4,178.96604938271605
10312,8,136.37320825473802
11096,4,737.0733333333334
10307,5,100.74799566294912
10041,3,23.238055555555555
10036,12,258.84943955743324
10305,9,102.80037637969093
10158,3,0.19
11428,7,129.9059545152723
10030,11,123.49628790811767
10956,4,713.5247222222222
07110,3,18.782777777777778
10037,9,180.19114942528677
10308,9,175.52550840978603
10314,7,95.2631980519483
11692,7,114.2972635726793
10111,8,3030.922361111111
10453,12,120.13586593181991
10055,3,13.448333333333334
63640,4,734.8
10280,11,233.27204629629628
11360,9,193.0519874804383
10309,10,125.3194399785639
10105,6,1132.1249145299146
10280,9,95.5385218253968
11430,11,1342.3804360916865
11356,7,61.004966147810656
10469,10,112.2830580660407
11228,8,89.86489893211292
10029,11,128.63565897570368
11371,6,1276.2887037037037
10282,8,170.00977011494254
11358,7,109.18035320308361
10464,4,61.315281104457746
11697,4,57.39459876543209
11367,12,270.4735811453572
10305,7,92.13906594030223
11416,12,260.8591106630827
10309,7,67.04118858179788
10281,4,15.59830065359477
07662,5,915.7941666666667
10168,6,190.64061965811968
11005,4,144.16788888888888
10459,12,167.60658409536927
10455,12,119.38842454923098
10009,12,181.1749378426374
10018,10,168.13810453648912
11224,10,120.584123931624
11411,9,187.2734795321635
10171,3,31.81277777777778
10028,12,176.04901175213686
10172,4,58.56388888888889
11212,11,141.5716781430476
10039,8,186.6941833143076
10458,9,136.43098090034448
10471,7,77.51041220010215
11360,8,118.27726815963251
11232,7,70.41470261680703
11109,4,18.940551409618575
11359,4,0.7388888888888889
10115,4,230.69083333333333
10121,4,44.58489898989899
11371,4,19.817777777777778
10120,4,3.162191358024691
10279,5,109.99305555555557
11360,10,187.84360827664437
10310,9,172.78877650063865
10179,4,211.27388888888888
10705,5,815.4044444444445
07660,4,356.7663888888889
10112,4,56.625902777777775
11104,7,133.70833244869053
11366,7,23.061988636363655
10461,11,121.96314849401165
10475,9,139.41321083890114
10471,9,126.44391954787201
00083,4,18.467222222222222
10459,11,138.05637196841542
10303,7,98.148320752818
76096,4,237.14277777777778
10170,4,12.872638888888888
11436,9,89.38877851140442
92108,5,783.0527777777778
11801,5,782.5377777777778
11709,5,782.2861111111112
10034,9,99.81398835874727
10162,4,70.05
10459,10,140.4425708426547
11241,5,362.9482222222222
11791,4,111.38638888888889
10271,4,1.428425925925926
11251,4,2.6818055555555556
11363,10,104.07633148148157
11697,6,188.37748263888892
10119,4,33.94925925925926
10176,4,0.16777777777777778
10106,4,7.564375
55439,4,398.7275
11103,12,114.47756612753759
10040,10,84.47805687767729
11242,4,0.6708333333333334
95128,4,21.218611111111112
11363,8,203.48887739463606
11367,11,145.63443287037023
10045,7,764.1347777777778
10177,4,3.987111111111111
10803,4,381.5733333333333
10032,12,162.17405130325275
17110,5,735.4626388888889
10017,11,184.41393371647516
10178,4,0.24166666666666667
10271,7,824.7872222222222
10454,10,115.89072324966943
10167,4,0.5361111111111111
10465,10,175.70659008787015
10040,12,107.74675256303713
11109,7,73.39741666666666
10119,8,1757.6345555555556
11228,7,66.93022650439494
10154,4,1.6677777777777778
10006,9,70.2630713284262
10119,7,555.1953472222223
10033,9,128.6760974321473
10005,8,106.20276138117282
10467,12,121.0884756670133
10175,4,0.9359027777777779
10462,11,130.79753786977636
11102,9,134.67437776835368
10118,10,351.0128549382717
10302,7,103.79851683501685
11703,5,747.9244444444445
10044,5,55.83778528528529
10475,7,134.42137763713086
10459,9,191.18326835385264
10121,10,809.5216414141414
11040,10,278.5798423423422
10021,11,216.88436038961038
19034,5,733.4005555555556
11369,12,263.39071335817505
11436,12,174.93326673164398
10040,9,125.14432337604731
11421,12,98.6888566131028
11423,11,171.39162808641976
10601,5,851.3113888888889
10309,8,96.66678649237474
10174,4,0.2275
10464,7,83.810440287226
11241,9,697.8955
10280,7,66.32037912912918
10041,5,76.42006172839507
06468,6,1683.828611111111
10455,11,136.85112321268986
10701,5,733.2788888888889
10065,12,234.84580212667575
10118,4,143.13736111111112
10000,8,610.5546399176953
11021,4,1.5872222222222223
10034,12,100.7910517487509
10034,8,118.48511293965835
11371,8,1105.7487037037038
10465,8,108.55773528124321
10153,5,489.0801388888889
55343,5,751.8686111111111
02184,5,743.3855555555556
10026,12,149.43640962645975
10045,4,1.6219444444444444
10458,10,98.15636974015918
11430,12,1365.2507074652792
11372,12,121.58809144947448
10466,12,21.5593748695312
10310,7,98.78896524264572
10457,10,115.8202209014366
10308,8,175.09868575389225
11109,5,9.982621765601213
10105,9,478.7527991452992
10168,9,378.4510277777778
11239,7,43.411538134150454
10041,4,24.495
10107,4,5.699907407407408
10038,10,123.27209070620107
10115,5,104.01953703703704
10281,5,34.9370486111111
10158,4,0.25708333333333333
11692,9,139.98938888888898
11363,7,112.1979808317089
10010,11,225.34508804737445
11105,12,145.56734772829492
11239,12,35.346264730639646
10112,5,56.874111111111105
11366,11,80.97456969696974
11356,11,177.88841029848413
10038,11,139.95169924282428
11001,7,123.08682669082121
10475,8,130.87036350148364
10038,12,155.2218832876085
10301,10,155.7595621736002
11414,11,127.7789411702578
14221,5,735.3858333333334
10282,5,14.538288398692801
10173,4,0.4597222222222222
10464,8,124.70335858585854
10468,10,102.43566656995222
10128,12,178.07131736743227
10020,7,759.2426388888891
10169,5,35.061863425925935
11422,12,290.58499885215804
10022,12,273.58144109129734
11726,5,15.054722222222223
10110,5,1.0744444444444445
85252,5,26.7725
92108,6,733.9797222222222
10106,5,13.966913580246915
10464,9,209.09888888888878
14580,6,729.0013888888889
10111,5,0.38420634920634916
11428,11,207.63160701373826
11714,6,735.7625
55433,6,727.9575
10165,9,1124.4832407407407
10123,6,577.6972222222222
10123,5,71.25944444444444
10045,5,0.8221759259259259
11360,7,43.20448074974677
11224,12,135.4794028964859
10069,11,113.26024722222219
11581,6,779.5169444444444
10280,8,144.96624595469254
11359,5,13.311003086419753
48125,6,762.9655555555555
10271,5,1.2673232323232324
10111,7,564.3030555555556
10464,11,357.99350266362245
11242,6,547.7807407407407
10278,5,0.5795833333333333
11428,12,189.79006313131305
10302,10,175.98057942311615
10120,5,0.7535714285714287
10031,9,114.3675286744381
11005,5,10.042222222222222
13850,5,18.058055555555555
10175,7,604.8542592592593
11362,7,112.89743006993007
10122,6,730.0566666666666
10307,7,94.87492052023124
10282,7,85.90828282828281
10119,5,48.782222222222224
10005,9,72.64161040787627
10174,5,0.2775
10004,11,60.70414923747272
1155,6,783.3147222222223
11242,5,72.65595238095239
11204,8,102.47545302619709
10281,8,35.33947649572651
10103,7,868.6395833333332
10162,5,108.95875
11415,10,163.45494385964912
10020,9,761.220765765766
10020,12,276.8100082918737
10020,11,767.386312056738
10112,7,345.8197916666667
11251,5,0.7424074074074074
10152,5,1.592638888888889
10007,9,58.852187757201634
11791,5,22.054166666666667
11369,11,210.50326960309815
10154,5,11.85923611111111
11412,11,141.63862231182785
19428,7,1656.3797222222222
10170,5,46.01166666666666
10167,5,2.9427777777777777
10106,8,2486.3694444444445
10165,10,2719.9237037037037
10469,11,133.38049705152065
10158,5,0.3362847222222223
10105,7,219.7534090909091
10465,11,164.17274046815876
11791,6,262.7702777777778
10168,5,53.26592592592593
11003,5,16.604444444444443
10282,9,72.01043128654969
10281,10,96.2436377068557
10472,11,115.16479424861846
10000,10,364.09003187613854
10044,8,426.2633625730994
10172,5,37.750416666666666
10151,5,0.6708333333333333
10151,10,1988.84875
11798,5,0.7427777777777778
10451,10,157.7950027247955
11040,7,112.83015625000004
10475,10,121.13551598386105
11371,5,69.74277777777777
11371,9,1323.0327083333334
11241,8,883.8923611111112
11361,12,321.2333399668328
10474,9,144.2399315555559
37068,7,1634.7802777777779
10010,12,226.99829800388645
11692,11,231.37387513102752
10041,8,541.7211507936507
10173,6,52.17322222222223
10175,5,0.6752777777777778
10456,10,121.09587623306999
11743,6,693.3091666666667
11427,12,261.97611480075847
10044,7,76.46991379310347
11374,12,97.72047743055569
12345,5,2.493888888888889
11692,12,158.52137674950038
10120,8,122.34630341880344
10069,7,106.73643097643095
11040,12,229.33157828282836
10162,10,1011.5668518518518
11359,10,220.54581481481486
08332,6,733.0430555555556
10041,6,275.9661111111111
3361,7,1407.8069444444445
33021,6,734.9725
11520,6,734.0222222222222
33614,6,731.3330555555556
10006,12,128.01029108449774
84117,7,777.8258333333333
10281,6,3.4964254385964915
10271,6,1.4551111111111112
10280,10,731.8430199430197
63045,8,1623.203611111111
10151,6,160.810462962963
11695,6,1.49
11693,11,137.54457793959
11359,6,14.056484374999997
10123,7,327.15395833333326
89156,6,23.27638888888889
10004,12,70.52963497150992
10473,10,113.48151316312729
11239,10,39.32641954831795
08050,7,1370.183611111111
10158,6,0.3112962962962963
11419,12,145.36774538082125
10110,6,1.0520833333333335
10278,6,44.56134920634921
10279,9,327.96642857142854
10174,6,1.0565277777777777
10178,6,0.9036111111111111
10474,10,141.6592496505941
11780,7,734.6275
10118,6,6.4755208333333325
17110,7,739.6036111111111
11423,12,263.69380537400156
10153,6,15.533214285714285
11004,12,584.8080229885057
10112,12,1260.889611111111
10107,6,104.79722222222222
10120,6,0.7760802469135802
10550,7,774.5558333333333
10452,10,85.45766308596805
11251,6,46.64767361111112
10471,10,159.06958333333304
10006,10,49.31821964821967
10175,9,1031.7755555555555
10037,12,111.81640841521809
10282,10,77.7202325581395
10005,11,136.01595410628008
10162,6,1.8279166666666669
84058,7,736.3058333333333
10105,11,2031.4623765432095
10172,6,1.7777777777777777
10045,6,18.654027777777777
10103,6,240.38194444444446
10007,10,76.45567682421225
11791,7,737.2525
10123,9,544.8607638888889
10179,6,0.8947222222222222
10005,12,139.2629131054132
10075,12,169.12195999434545
07078,7,735.4325
11109,9,79.11737403100774
11363,11,149.60320565907534
10168,10,578.3038636363636
10069,9,83.76076252723314
10475,11,129.40593835885352
10166,6,51.03111111111111
10037,11,148.13911866540747
18642,6,47.695277777777775
08527,7,755.9894444444444
11359,7,14.947576628352488
33614,7,732.7516666666667
10004,10,47.584955914481895
10165,6,0.03944444444444444
10112,9,990.1086111111111
10121,11,595.2755648148144
40202,7,760.8880555555555
11001,12,233.53679330065364
10115,6,0.45611111111111113
11693,12,178.62414240659885
10470,10,124.94437615217034
10176,6,0.8069444444444445
10005,10,103.22865668402778
12345,6,2.7041666666666666
11695,7,118.825
10168,7,162.94868055555554
10281,9,30.909399551066223
10281,7,4.8503703703703716
10177,6,1.9108333333333334
10177,10,1191.4068055555556
10169,7,24.090267489711923
10466,10,30.537155489840366
11005,7,143.16229166666665
10307,9,79.61356050818264
11359,8,130.2482638888889
10165,12,2216.678472222222
10474,12,173.17896797839506
00000,7,45.04152777777778
10121,12,566.7800084175084
10048,7,63.102916666666665
10044,12,303.49842803030293
10956,7,10.392777777777777
10162,7,79.50368055555556
10278,7,7.57925925925926
91744,8,756.6147222222222
10281,11,128.54804580896683
11359,11,285.1625641025641
00083,7,1.8255555555555556
10470,11,79.4534553325463
10115,10,2221.5619444444446
10107,7,20.0159126984127
10279,7,0.6741666666666667
10155,9,817.0334722222221
84117,8,781.4319444444444
10172,7,1.2849444444444444
10120,7,0.7448611111111111
11040,11,159.1329385964913
11005,8,371.11661111111107
10115,7,0.6780555555555555
10178,7,0.9816666666666667
10178,9,524.6658333333334
10118,7,0.5160555555555556
10153,7,2.322146464646465
10470,12,101.56075400492921
10110,7,1.5634722222222224
10166,7,8.106018518518518
84043,7,24.690555555555555
19013,8,735.6127777777778
10170,7,0.39166666666666666
10007,11,82.37025518925509
35244,8,726.1694444444445
10154,7,11.012361111111112
10112,8,505.5894444444445
11767,8,786.5669444444444
55439,8,828.4119444444444
11747,8,789.6044444444444
10282,12,184.3205555555556
10176,7,0.6827777777777778
10167,7,8.965
19034,8,733.4272222222222
10169,8,83.29834876543211
10118,8,56.90331349206348
10173,7,132.61777777777777
10577,7,21.779166666666665
10106,7,92.4825
77491,7,91.37125
10055,7,149.1952777777778
11109,8,17.537395833333328
10044,9,193.80457125603849
10172,11,1651.7567592592593
08690,9,1045.7455555555555
10165,7,0.5455555555555556
11010,8,786.1691666666667
38153,8,784.8619444444445
10119,9,356.9988194444444
10174,7,0.1063888888888889
10152,7,1.2922222222222222
10151,7,0.8652777777777778
10080,7,1.4002777777777777
10158,7,0.25375000000000003
10179,7,17.666666666666668
0000,7,1.3988888888888888
11251,7,3.1175
11242,7,18.43638888888889
10174,8,20.47074074074074
11040,8,38.82024154589372
10045,8,182.9673611111111
11371,7,0.17416666666666666
91356,8,733.8591666666666
10167,8,8.601111111111111
11001,11,128.27052777777777
10170,10,551.577037037037
10278,8,18.877129629629632
10271,8,0.9317361111111111
10176,8,4.313055555555556
10044,10,153.32775956284158
28201,9,787.9322222222222
75065,9,784.8980555555555
10151,8,1.8086111111111112
10111,9,634.6720833333334
10165,8,7.38212962962963
10464,10,153.1815912698412
10103,8,25.624888888888893
46250,9,724.9816666666667
10158,8,0.2652777777777778
10105,8,88.06481481481482
10006,11,59.24383705007831
10123,8,1.5819444444444444
10107,8,2.8951851851851855
11542,9,738.2894444444445
11695,10,1971.6119444444444
02062,9,788.2338888888889
17111,9,786.2125
11716,9,781.9944444444444
07660,8,59.80277777777778
11010,9,738.2869444444444
10168,11,533.669212962963
11040,9,74.98543333333336
10118,9,152.77694444444444
10152,8,22.03986111111111
10169,9,87.45827546296294
10171,8,1.1910555555555555
10110,8,1.4425
19082,8,19.03527777777778
10279,8,72.40412037037038
11697,9,160.55578703703705
14215,9,735.8552777777778
89113,9,730.9308333333333
10153,8,1.3418055555555557
11749,8,38.99194444444444
10115,8,25.278333333333332
10173,8,63.36666666666667
10154,8,4.4719444444444445
11021,8,72.09
10172,8,3.857916666666667
10080,8,1.2824074074074074
11706,9,758.4219444444444
61265,9,732.2891666666667
10170,8,2.008888888888889
50613,9,737.2041666666667
10168,8,3.85
11561,8,50.11194444444445
11590,9,308.6813888888889
12065,9,506.0252777777778
10178,8,3.1169444444444445
10178,10,158.64600694444448
10069,10,29.033266283524885
11359,9,55.17441358024692
10278,9,31.30867283950617
10000,9,30.995563973063966
11005,9,19.653935185185187
10080,9,1.966388888888889
10176,9,0.9868518518518519
10120,9,1.9282936507936508
10166,9,1.5919444444444444
10174,9,0.3188888888888889
10069,12,130.84432098765427
10048,9,1.6488888888888888
10111,10,179.99819444444447
10105,10,253.72883333333328
10107,9,33.899104938271606
10045,9,1.1629166666666666
10151,9,8.717083333333333
10162,9,61.663333333333334
10154,9,18.183680555555554
10153,9,2.6652777777777774
10153,10,273.6506944444444
10158,9,0.1425
10110,9,5.003555555555556
10170,9,0.28888888888888886
10041,9,8.460694444444446
11590,10,737.1005555555555
10152,11,1839.7070833333332
12345,9,5.618972222222223
10000,11,167.94599747474743
10171,9,1.1328703703703704
11743,9,96.52833333333334
10115,9,1.1247222222222222
10271,9,23.71534722222222
10172,10,587.5527777777778
11239,11,20.72756174698797
10105,12,1009.3810317460319
12747,10,726.6441666666667
10103,9,1.7403703703703703
10103,10,159.28305555555556
10119,11,719.7975
10119,10,202.18366666666665
10112,10,463.3967592592592
10106,9,4.371388888888889
10106,10,617.1019444444445
49204,10,406.35555555555555
11580,10,734.8616666666667
29603,10,733.3419444444445
92108,10,731.5252777777778
10169,10,83.58612318840581
10167,9,54.86138888888889
10803,10,166.08277777777778
10174,10,98.78824074074072
11109,10,50.82277777777777
15212,10,734.5991666666666
10173,11,1016.5966666666667
10282,11,66.5750896057348
10278,10,18.063166666666667
18508,9,14.985555555555555
11697,10,145.89120370370367
10171,10,44.06265873015873
10173,10,4.716611111111112
11251,10,1.6841666666666666
10271,10,0.6838888888888889
10279,10,30.317666666666668
10158,10,0.8211111111111111
10176,10,3.53875
10120,10,1.030347222222222
10044,11,400.55105855855857
10110,11,198.7959027777778
07470,11,733.5911111111111
10123,10,7.7716111111111115
11005,10,1.6049074074074072
10153,11,487.0276388888889
11241,10,2.7675
11706,11,728.5475
10169,11,146.46115384615385
10107,10,5.476284722222222
11242,10,30.027916666666666
11359,12,432.7707222222222
18508,10,26.592222222222222
10154,10,5.475833333333333
10110,10,1.1922222222222223
11010,10,124.76916666666666
37072,11,807.045
10279,11,405.9504166666667
12345,10,1.3137962962962961
10103,11,84.31287037037038
10704,11,724.3705555555556
10041,11,268.7297222222222
10175,10,1.785
11021,10,1.0155555555555555
10041,10,27.011805555555554
11550,10,168.4088888888889
10523,11,732.0508333333333
11371,10,13.895277777777778
07080,11,738.0588888888889
10167,10,1.485
00083,10,0.6179629629629629
07002,10,74.02555555555556
10475,12,121.55049178895888
84020,11,730.7969444444444
11109,11,42.42340909090909
10502,12,1025.606388888889
07080,12,1129.8830555555555
11242,11,786.645
11788,10,38.26444444444444
11371,11,497.1311111111111
11697,12,339.35185185185185
11697,11,43.33649305555556
10155,11,541.8188888888889
10170,11,13.376000000000001
10271,11,144.935
10162,11,97.9162962962963
10112,11,0.3036111111111111
10580,11,69.04138888888889
10048,11,3.1706944444444445
10120,11,2.1746388888888886
10106,12,985.5297222222222
10278,11,0.4796666666666667
10176,11,6.911944444444444
11109,12,124.48568996415773
10158,11,221.71999999999997
92660,12,733.7619444444445
11251,11,53.96722222222222
10106,11,5.0905555555555555
10118,11,34.03180555555556
10111,12,381.7422222222222
10169,12,94.6879700854701
55439,11,372.4505555555556
12345,11,1.8625
10179,11,83.26305555555555
10175,11,1.995
10153,12,819.0929166666667
11042,11,24.983888888888888
10045,11,1.5599074074074075
02062,12,725.2872222222222
10177,11,34.028055555555554
11576,11,122.17222222222222
10178,11,10.17925925925926
11577,11,139.99027777777778
10103,12,279.6568055555556
10174,11,0.5700462962962963
10171,11,1.6705555555555556
1172,11,214.36416666666668
75262,12,903.8188888888889
11371,12,751.3502777777778
10280,12,67.25931216931217
12528,12,737.8652777777778
10178,12,630.0192592592592
11801,12,733.5722222222222
10115,11,9.616666666666667
11695,11,8.836388888888889
10174,12,135.38922222222226
40031,12,912.6880555555556
10170,12,129.62986111111113
10123,12,244.9699074074074
10172,12,74.52305555555556
11241,11,1.9427777777777777
11552,12,734.0955555555555
10710,12,756.5555555555555
10279,12,47.49277777777778
10118,12,47.32425925925926
00083,11,0.4752777777777778
10158,12,91.1375
10120,12,13.402314814814815
10281,12,1.0090972222222223
12345,12,7.361180555555556
10176,12,3.7937037037037036
10119,12,21.60878472222222
10041,12,14.834027777777777
10271,12,0.8068055555555556
10278,12,15.11190972222222
10110,12,1.8825925925925926
10171,12,1.196388888888889
72712,12,72.53194444444445
11005,12,287.87944444444446
10048,12,1.6541666666666668
10168,12,63.565416666666664
10162,12,3.2959444444444443
10175,12,0.5458333333333333
10045,12,2.231759259259259
10173,12,0.65
10151,12,70.25416666666666
10152,12,14.965277777777779
10154,12,1.625
10167,12,0.8538888888888889
00083,12,0.36944444444444446
77491,12,18.315833333333334
10400,12,9.566180555555555
10055,12,4.468333333333334
11242,12,97.35194444444444
11767,12,42.18666666666667
10115,12,23.581944444444446
